time,open,high,low,close,volume
2026-05-12 17:00:00,2263.83,2278.0,1892.87,2276.59,307.4213
2026-05-12 18:00:00,2276.58,2284.59,2275.49,2279.31,260.0183
2026-05-12 19:00:00,2279.07,2286.88,2279.07,2284.75,258.1818
2026-05-12 20:00:00,2284.75,2287.21,2281.33,2285.05,268.9085
2026-05-12 21:00:00,2285.04,2287.63,2283.1,2285.4,158.3041
2026-05-12 22:00:00,2285.4,2311.62,2282.43,2282.44,449.6709
2026-05-12 23:00:00,2282.33,2283.75,2273.88,2275.36,59.1633
2026-05-13 00:00:00,2274.97,2286.17,2273.54,2281.57,332.263
2026-05-13 01:00:00,2281.57,2295.02,2281.31,2289.99,294.0116
2026-05-13 02:00:00,2289.99,2299.81,1935.37,2293.88,664.3129
2026-05-13 03:00:00,2293.89,2311.62,2292.44,2301.29,527.677
2026-05-13 04:00:00,2302.03,2307.86,2298.62,2306.55,187.7803
2026-05-13 05:00:00,2306.68,2307.48,2296.0,2297.08,276.6927
2026-05-13 06:00:00,2297.81,2312.38,2289.59,2301.57,326.8946
2026-05-13 07:00:00,2301.57,2303.02,2296.95,2301.32,178.3016
2026-05-13 08:00:00,2301.07,2316.95,2300.74,2316.64,342.4624
2026-05-13 09:00:00,2316.65,2323.33,2314.46,2320.98,362.1061
2026-05-13 10:00:00,2321.19,2321.6,2306.23,2308.81,306.8094
2026-05-13 11:00:00,2308.87,2308.87,2299.01,2302.39,370.6039
2026-05-13 12:00:00,2301.83,2306.98,2271.66,2284.46,333.7686
2026-05-13 13:00:00,2284.45,2287.87,2259.98,2262.81,423.4626
2026-05-13 14:00:00,2262.81,2270.69,2251.76,2267.84,326.0243
2026-05-13 15:00:00,2267.65,2269.94,2222.96,2237.28,417.0311
2026-05-13 16:00:00,2237.22,2253.34,2236.4,2251.03,382.9734
2026-05-13 17:00:00,2250.74,2261.48,2250.74,2258.68,215.4765
2026-05-13 18:00:00,2258.65,2267.69,2258.65,2259.6,166.2656
2026-05-13 19:00:00,2259.83,2260.71,2251.19,2257.14,200.0322
2026-05-13 20:00:00,2257.14,2264.46,2256.68,2263.64,203.9717
2026-05-13 21:00:00,2264.03,2264.07,2254.49,2255.67,168.5541
2026-05-13 22:00:00,2256.69,2260.55,2251.01,2259.92,148.6474
2026-05-13 23:00:00,2259.59,2261.78,2255.0,2258.43,216.3469
2026-05-14 00:00:00,2258.66,2269.37,2251.87,2267.07,329.1904
2026-05-14 01:00:00,2267.06,2268.77,2260.17,2265.13,190.9435
2026-05-14 02:00:00,2264.9,2273.29,2249.81,2251.15,204.7054
2026-05-14 03:00:00,2251.53,2254.99,2238.76,2242.19,381.4084
2026-05-14 04:00:00,2242.39,2258.07,2239.85,2256.14,231.6845
2026-05-14 05:00:00,2256.13,2272.9,2255.61,2269.24,254.1999
2026-05-14 06:00:00,2268.73,2274.99,2266.93,2267.71,326.9666
2026-05-14 07:00:00,2267.72,2270.73,2263.89,2265.18,142.4651
2026-05-14 08:00:00,2265.28,2271.0,2262.14,2266.27,162.7078
2026-05-14 09:00:00,2267.44,2267.72,2252.78,2257.8,228.7004
2026-05-14 10:00:00,2257.81,2265.53,2256.05,2261.89,234.239
2026-05-14 11:00:00,2262.14,2264.0,2252.54,2254.28,228.192
2026-05-14 12:00:00,2254.01,2262.91,2248.55,2261.66,312.7483
2026-05-14 13:00:00,2261.67,2264.99,2250.0,2250.28,398.0162
2026-05-14 14:00:00,2250.27,2287.98,2247.14,2286.4,454.5636
2026-05-14 15:00:00,2286.29,2299.35,2280.68,2299.11,490.9808
2026-05-14 16:00:00,2299.15,2317.53,2294.67,2316.37,654.6525
2026-05-14 17:00:00,2316.38,2319.33,2296.85,2308.18,576.4621
2026-05-14 18:00:00,2308.18,2316.37,2303.0,2309.66,265.5904
2026-05-14 19:00:00,2309.68,2312.13,2297.77,2298.95,143.0433
2026-05-14 20:00:00,2298.95,2301.08,2288.73,2297.71,122.0104
2026-05-14 21:00:00,2297.72,2300.24,2290.0,2297.35,144.1362
2026-05-14 22:00:00,2297.19,2301.07,2295.57,2297.82,59.2883
2026-05-14 23:00:00,2298.15,2298.15,2280.75,2282.87,70.4332
2026-05-15 00:00:00,2283.08,2301.75,2283.06,2291.17,299.7887
2026-05-15 01:00:00,2291.17,2294.51,2275.07,2278.35,434.2598
2026-05-15 02:00:00,2278.36,2278.74,2260.45,2275.88,578.5387
2026-05-15 03:00:00,2276.37,2279.23,2268.16,2273.92,373.8473
2026-05-15 04:00:00,2273.34,2273.47,2262.74,2262.75,214.1528
2026-05-15 05:00:00,2262.75,2267.0,2238.48,2245.49,350.8465
2026-05-15 06:00:00,2245.62,2256.86,2244.43,2255.39,184.3136
2026-05-15 07:00:00,2254.78,2270.75,2253.72,2265.1,258.4397
2026-05-15 08:00:00,2265.1,2265.1,2251.18,2257.28,279.5682
2026-05-15 09:00:00,2257.3,2260.0,2251.69,2254.28,242.087
2026-05-15 10:00:00,2254.49,2264.96,2252.7,2262.34,134.0777
2026-05-15 11:00:00,2262.34,2263.95,2257.44,2257.57,62.2417
2026-05-15 12:00:00,2257.57,2260.5,2252.26,2254.29,53.3603
2026-05-15 13:00:00,2254.29,2254.3,2211.92,2213.44,188.523
2026-05-15 14:00:00,2213.44,2223.62,2205.95,2213.77,106.9775
2026-05-15 15:00:00,2213.77,2223.5,2210.01,2222.59,49.368
2026-05-15 16:00:00,2222.86,2230.57,2220.0,2224.08,42.2171
2026-05-15 17:00:00,2224.58,2231.21,2224.45,2229.16,61.777
2026-05-15 18:00:00,2229.47,2232.77,2225.38,2228.5,29.9518
2026-05-15 19:00:00,2228.4,2228.42,2222.49,2223.58,27.8638
2026-05-15 20:00:00,2223.42,2225.27,2217.64,2220.26,35.2397
2026-05-15 21:00:00,2220.14,2225.08,2215.68,2216.33,36.7146
2026-05-15 22:00:00,2216.99,2224.33,2216.99,2224.32,30.5332
2026-05-15 23:00:00,2224.18,2226.27,2222.88,2224.8,45.3254
2026-05-16 00:00:00,2224.66,2231.46,2223.82,2226.94,166.8778
2026-05-16 01:00:00,2226.93,2230.85,2223.53,2229.63,198.7372
2026-05-16 02:00:00,2229.63,2231.49,2227.0,2229.91,150.183
2026-05-16 03:00:00,2229.91,2230.64,2227.11,2227.86,66.8141
2026-05-16 04:00:00,2228.17,2228.72,2219.23,2226.06,143.8175
2026-05-16 05:00:00,2225.99,2227.12,2223.14,2225.2,102.2605
2026-05-16 06:00:00,2225.37,2226.84,2211.82,2215.33,197.7513
2026-05-16 07:00:00,2215.44,2215.44,2183.99,2194.9,593.0959
2026-05-16 08:00:00,2194.81,2196.79,2192.43,2193.6,204.3311
2026-05-16 09:00:00,2193.25,2193.85,2167.0,2173.82,334.9498
2026-05-16 10:00:00,2173.57,2174.68,2163.68,2173.85,295.8654
2026-05-16 11:00:00,2173.85,2180.54,2173.84,2176.28,190.7255
2026-05-16 12:00:00,2176.1,2179.19,2173.67,2176.5,174.754
2026-05-16 13:00:00,2176.51,2179.01,2172.43,2176.77,202.05
2026-05-16 14:00:00,2177.06,2186.72,2173.51,2179.98,292.1946
2026-05-16 15:00:00,2179.93,2183.51,2176.9,2180.02,323.0968
2026-05-16 16:00:00,2180.0,2183.5,2170.52,2174.11,216.8601
2026-05-16 17:00:00,2174.11,2180.79,2174.11,2179.3,136.9532
2026-05-16 18:00:00,2178.91,2183.66,2176.36,2181.35,128.5881
2026-05-16 19:00:00,2181.35,2182.77,2179.24,2179.56,66.8319
2026-05-16 20:00:00,2179.57,2182.84,2179.56,2181.85,135.4192
2026-05-16 21:00:00,2181.45,2183.43,2181.13,2182.39,101.0307
2026-05-16 22:00:00,2182.39,2183.05,2179.77,2181.04,130.6001
2026-05-16 23:00:00,2180.47,2182.83,2179.87,2180.9,132.589
2026-05-17 00:00:00,2180.76,2188.57,2174.59,2177.02,302.7832
2026-05-17 01:00:00,2177.02,2183.6,2168.74,2169.75,284.9503
2026-05-17 02:00:00,2169.65,2176.05,2169.65,2173.86,206.2723
2026-05-17 03:00:00,2174.51,2183.13,2174.5,2181.7,192.8054
2026-05-17 04:00:00,2181.7,2189.73,2181.44,2187.6,183.3412
2026-05-17 05:00:00,2187.61,2194.7,2185.79,2185.82,164.8716
2026-05-17 06:00:00,2185.91,2187.78,2181.97,2185.01,152.6552
2026-05-17 07:00:00,2185.02,2188.0,2182.69,2186.51,196.902
2026-05-17 08:00:00,2186.64,2187.01,2183.4,2185.94,111.9536
2026-05-17 09:00:00,2185.95,2191.35,2185.91,2190.31,96.3217
2026-05-17 10:00:00,2190.31,2198.0,2190.22,2193.9,232.9768
2026-05-17 11:00:00,2193.9,2194.72,2188.19,2192.01,295.9312
2026-05-17 12:00:00,2192.01,2198.1,2191.48,2194.3,282.6335
2026-05-17 13:00:00,2194.29,2194.93,2187.94,2192.11,306.2071
2026-05-17 14:00:00,2192.12,2192.4,2179.48,2186.65,473.9565
2026-05-17 15:00:00,2186.65,2192.16,2181.91,2186.78,468.9455
2026-05-17 16:00:00,2186.85,2188.84,2182.15,2182.52,370.8322
2026-05-17 17:00:00,2182.69,2184.95,2176.89,2183.68,395.7983
2026-05-17 18:00:00,2183.68,2189.85,2179.2,2188.5,404.2345
2026-05-17 19:00:00,2188.5,2193.43,2187.69,2192.46,288.283
2026-05-17 20:00:00,2192.45,2193.67,2187.4,2189.54,237.558
2026-05-17 21:00:00,2188.51,2194.62,2187.32,2192.14,264.1772
2026-05-17 22:00:00,2191.27,2191.27,1800.0,2179.14,766.7752
2026-05-17 23:00:00,2179.69,2179.7,1861.79,2128.08,728.8661
2026-05-18 00:00:00,2128.09,2139.85,1757.83,2115.32,765.6838
2026-05-18 01:00:00,2115.42,2121.23,2106.95,2117.66,527.4078
2026-05-18 02:00:00,2117.65,2123.89,2112.79,2116.11,388.0111
2026-05-18 03:00:00,2116.11,2123.9,2116.11,2118.44,315.7994
2026-05-18 04:00:00,2118.44,2126.46,2114.82,2125.19,289.1094
2026-05-18 05:00:00,2125.19,2125.82,2117.0,2117.27,229.0621
2026-05-18 06:00:00,2117.27,2121.0,2110.79,2118.78,440.5565
2026-05-18 07:00:00,2118.7,2124.09,2112.25,2121.18,472.5728
2026-05-18 08:00:00,2121.17,2123.92,2118.0,2121.81,312.3024
2026-05-18 09:00:00,2121.81,2121.82,2116.16,2116.73,141.5393
2026-05-18 10:00:00,2116.73,2120.32,2113.32,2114.62,288.0735
2026-05-18 11:00:00,2114.55,2139.07,2111.75,2133.89,421.7222
2026-05-18 12:00:00,2133.9,2156.89,2133.89,2152.08,588.628
2026-05-18 13:00:00,2152.09,2152.09,2122.6,2131.77,539.502
2026-05-18 14:00:00,2131.77,2131.78,2099.71,2110.01,651.4085
2026-05-18 15:00:00,2110.01,2127.69,2094.25,2106.71,680.6963
2026-05-18 16:00:00,2106.71,2110.61,2090.97,2097.89,549.9781
2026-05-18 17:00:00,2097.88,2110.17,2095.51,2108.21,519.4204
2026-05-18 18:00:00,2108.22,2109.06,2079.6,2081.76,556.9733
2026-05-18 19:00:00,2081.76,2127.7,2081.51,2124.01,169.8585
2026-05-18 20:00:00,2124.01,2130.21,2115.03,2117.85,118.4264
2026-05-18 21:00:00,2117.69,2142.37,2115.0,2138.0,121.6833
2026-05-18 22:00:00,2137.77,2141.99,2130.59,2136.03,87.3053
2026-05-18 23:00:00,2136.02,2139.17,2127.75,2130.08,85.5879
2026-05-19 00:00:00,2130.09,2142.47,2128.84,2135.9,329.1656
2026-05-19 01:00:00,2135.89,2138.13,2124.05,2125.01,436.641
2026-05-19 02:00:00,2125.01,2135.22,2119.5,2123.09,391.8834
2026-05-19 03:00:00,2123.09,2136.19,2122.06,2131.3,295.3963
2026-05-19 04:00:00,2131.29,2136.53,2128.68,2133.88,248.6767
2026-05-19 05:00:00,2133.88,2137.35,2123.87,2135.53,303.8407
2026-05-19 06:00:00,2135.28,2140.0,2132.76,2137.19,217.1746
2026-05-19 07:00:00,2137.52,2144.71,2135.61,2141.07,317.0348
2026-05-19 08:00:00,2141.06,2141.39,2131.49,2133.77,217.7848
2026-05-19 09:00:00,2133.77,2134.18,2112.53,2114.48,498.3683
2026-05-19 10:00:00,2114.48,2121.63,2107.49,2117.97,571.4788
2026-05-19 11:00:00,2118.34,2120.25,2109.29,2110.86,258.3854
2026-05-19 12:00:00,2110.86,2119.35,2109.58,2118.49,276.8311
2026-05-19 13:00:00,2118.5,2125.5,2107.68,2118.62,718.9944
2026-05-19 14:00:00,2119.03,2123.6,2096.7,2106.12,669.6254
2026-05-19 15:00:00,2106.74,2112.81,2104.05,2109.55,386.9434
2026-05-19 16:00:00,2109.76,2122.22,2107.33,2121.28,317.1474
2026-05-19 17:00:00,2121.28,2125.07,2113.07,2115.76,314.0145
2026-05-19 18:00:00,2115.75,2119.61,2110.83,2114.97,321.8093
2026-05-19 19:00:00,2115.28,2123.15,2110.9,2112.67,273.3231
2026-05-19 20:00:00,2113.15,2118.77,2112.48,2118.38,165.767
2026-05-19 21:00:00,2118.35,2120.59,2116.75,2117.14,158.3237
2026-05-19 22:00:00,2116.98,2116.98,2097.5,2106.47,381.9555
2026-05-19 23:00:00,2106.4,2118.37,2105.26,2111.61,232.295
2026-05-20 00:00:00,2111.93,2114.73,2103.72,2110.43,370.6155
2026-05-20 01:00:00,2111.05,2118.16,2103.65,2115.39,339.7566
2026-05-20 02:00:00,2115.38,2117.14,2106.67,2109.05,217.8508
2026-05-20 03:00:00,2108.71,2116.3,2106.11,2111.51,351.9715
2026-05-20 04:00:00,2111.6,2114.78,2107.5,2113.01,207.0719
2026-05-20 05:00:00,2113.21,2130.13,2113.2,2125.63,433.0255
2026-05-20 06:00:00,2125.64,2134.29,2125.63,2133.18,214.983
2026-05-20 07:00:00,2133.76,2136.5,2128.93,2129.73,216.5921
2026-05-20 08:00:00,2129.75,2137.68,2129.0,2131.92,463.7522
2026-05-20 09:00:00,2131.92,2133.0,2127.8,2129.37,166.0037
2026-05-20 10:00:00,2129.37,2136.92,1737.32,2130.92,745.4752
2026-05-20 11:00:00,2130.82,2132.24,2124.29,2128.48,390.0566
2026-05-20 12:00:00,2128.3,2137.46,2127.07,2134.08,494.1479
2026-05-20 13:00:00,2134.02,2135.29,2117.76,2120.45,566.5537
2026-05-20 14:00:00,2120.61,2138.56,2115.19,2136.25,659.2704
2026-05-20 15:00:00,2135.76,2147.18,2129.12,2136.41,426.1772
2026-05-20 16:00:00,2136.75,2140.5,2124.51,2136.02,421.5474
2026-05-20 17:00:00,2135.46,2148.28,2132.28,2140.49,349.6567
2026-05-20 18:00:00,2140.5,2140.95,2131.34,2132.09,262.9817
2026-05-20 19:00:00,2132.09,2140.99,2129.11,2139.2,456.8974
2026-05-20 20:00:00,2139.11,2140.75,2129.57,2136.21,473.4151
2026-05-20 21:00:00,2136.21,2143.09,2121.51,2130.7,330.4318
2026-05-20 22:00:00,2130.44,2130.44,2118.44,2128.37,387.2568
2026-05-20 23:00:00,2128.37,2130.29,2122.8,2129.33,193.8373
2026-05-21 00:00:00,2129.44,2144.76,2129.03,2143.0,439.1007
2026-05-21 01:00:00,2143.36,2155.19,2139.46,2141.07,602.4464
2026-05-21 02:00:00,2141.08,2147.85,2139.5,2142.47,307.4771
2026-05-21 03:00:00,2141.84,2146.83,2140.85,2146.21,209.5153
2026-05-21 04:00:00,2145.76,2148.74,2142.7,2145.01,211.4262
2026-05-21 05:00:00,2145.01,2148.18,2133.81,2136.3,324.4637
2026-05-21 06:00:00,2136.3,2138.61,2127.95,2128.37,541.3778
2026-05-21 07:00:00,2127.72,2136.97,2125.58,2135.49,447.624
2026-05-21 08:00:00,2135.23,2147.66,2135.02,2138.75,517.052
2026-05-21 09:00:00,2138.38,2140.3,2127.97,2128.1,388.1943
2026-05-21 10:00:00,2128.1,2129.61,2110.7,2114.28,626.7498
2026-05-21 11:00:00,2114.29,2119.58,2112.72,2115.43,373.73
2026-05-21 12:00:00,2115.43,2119.69,2112.76,2117.09,339.2995
2026-05-21 13:00:00,2117.09,2123.4,2106.7,2119.73,545.1557
2026-05-21 14:00:00,2119.73,2150.0,2110.72,2123.2,646.3894
2026-05-21 15:00:00,2122.16,2137.2,2119.58,2132.64,456.7517
2026-05-21 16:00:00,2132.65,2136.66,2123.1,2127.79,339.057
2026-05-21 17:00:00,2127.8,2153.41,2126.39,2146.6,513.4684
2026-05-21 18:00:00,2146.61,2147.77,2116.25,2126.56,411.8714
2026-05-21 19:00:00,2126.57,2144.89,2126.53,2143.06,303.0087
2026-05-21 20:00:00,2143.05,2143.3,2137.3,2138.9,234.215
2026-05-21 21:00:00,2138.91,2148.99,2133.46,2135.23,304.9445
2026-05-21 22:00:00,2135.22,2136.87,2131.03,2131.84,185.1349
2026-05-21 23:00:00,2131.85,2136.77,2127.93,2134.08,244.2834
2026-05-22 00:00:00,2133.79,2134.99,2129.32,2129.32,324.5025
2026-05-22 01:00:00,2129.33,2137.0,2125.67,2135.61,379.1296
2026-05-22 02:00:00,2135.62,2140.01,2134.47,2137.97,238.4451
2026-05-22 03:00:00,2137.98,2141.34,2135.29,2137.88,167.9647
2026-05-22 04:00:00,2137.89,2141.21,2132.56,2134.02,146.8794
2026-05-22 05:00:00,2134.03,2135.95,2127.39,2129.21,175.5999
2026-05-22 06:00:00,2129.22,2130.85,2124.22,2125.68,274.7203
2026-05-22 07:00:00,2125.67,2132.73,2122.47,2128.69,233.7368
2026-05-22 08:00:00,2128.7,2133.07,2121.42,2122.13,307.1439
2026-05-22 09:00:00,2122.14,2125.24,2119.33,2123.98,179.5089
2026-05-22 10:00:00,2123.97,2124.96,2120.84,2123.0,99.5818
2026-05-22 11:00:00,2123.64,2130.78,2120.89,2130.78,213.435
2026-05-22 12:00:00,2130.79,2137.63,2129.59,2133.13,238.731
2026-05-22 13:00:00,2133.31,2135.75,2124.81,2129.61,306.254
2026-05-22 14:00:00,2129.62,2129.62,2112.58,2117.43,393.2988
2026-05-22 15:00:00,2116.96,2125.49,2113.34,2119.75,288.1659
2026-05-22 16:00:00,2119.66,2124.22,2118.37,2122.69,203.9929
2026-05-22 17:00:00,2122.98,2128.98,2119.59,2119.61,262.1074
2026-05-22 18:00:00,2119.6,2121.42,2089.14,2099.69,483.393
2026-05-22 19:00:00,2099.69,2132.09,2060.0,2064.95,791.8861
2026-05-22 20:00:00,2064.95,2078.75,2064.76,2073.57,758.4528
2026-05-22 21:00:00,2073.43,2079.59,2071.56,2078.38,387.5119
2026-05-22 22:00:00,2077.91,2079.31,2066.97,2072.66,377.8463
2026-05-22 23:00:00,2073.16,2077.24,2061.06,2065.98,235.8327
2026-05-23 00:00:00,2065.99,2070.61,2054.91,2065.27,309.07
2026-05-23 01:00:00,2065.26,2069.42,2063.1,2069.14,186.8243
2026-05-23 02:00:00,2069.15,2070.28,2065.37,2068.81,119.7284
2026-05-23 03:00:00,2068.8,2072.0,2068.32,2070.74,50.9289
2026-05-23 04:00:00,2070.77,2071.03,2065.99,2066.81,47.5707
2026-05-23 05:00:00,2067.29,2067.48,2062.51,2064.84,33.3412
2026-05-23 06:00:00,2064.84,2065.81,2060.71,2061.48,23.7378
2026-05-23 07:00:00,2061.55,2063.06,2018.82,2028.27,243.3563
2026-05-23 08:00:00,2028.58,2031.91,2021.34,2030.02,146.654
2026-05-23 09:00:00,2030.32,2030.9,2027.1,2027.28,51.5975
2026-05-23 10:00:00,2027.29,2033.52,2027.12,2031.56,39.1664
2026-05-23 11:00:00,2031.56,2035.14,2030.86,2031.64,44.473
2026-05-23 12:00:00,2031.65,2032.07,2027.36,2030.84,52.1061
2026-05-23 13:00:00,2031.08,2045.79,2031.08,2044.76,80.6753
2026-05-23 14:00:00,2044.77,2064.97,2041.31,2061.63,127.0537
2026-05-23 15:00:00,2061.64,2068.32,2055.98,2060.27,188.9423
2026-05-23 16:00:00,2060.27,2064.37,2057.6,2060.88,124.1282
2026-05-23 17:00:00,2061.95,2065.37,2059.71,2063.98,159.8321
2026-05-23 18:00:00,2063.98,2082.28,2063.86,2074.45,145.8682
2026-05-23 19:00:00,2074.42,2084.13,2068.18,2077.28,54.9972
2026-05-23 20:00:00,2077.33,2146.93,2075.24,2146.92,186.8941
2026-05-23 21:00:00,2146.93,2148.68,2069.5,2116.12,320.4633
2026-05-23 22:00:00,2117.68,2120.24,2103.95,2116.83,68.1799
2026-05-23 23:00:00,2116.83,2121.64,2114.63,2117.53,44.029
2026-05-24 00:00:00,2117.53,2120.94,2113.2,2119.2,104.9009
2026-05-24 01:00:00,2119.2,2124.9,2119.13,2122.55,166.9565
2026-05-24 02:00:00,2122.55,2124.99,2118.4,2122.53,264.4157
2026-05-24 03:00:00,2122.53,2126.59,2117.11,2119.45,130.3181
2026-05-24 04:00:00,2120.03,2123.86,2120.01,2120.29,84.9613
2026-05-24 05:00:00,2120.29,2121.38,2113.65,2119.98,253.4582
2026-05-24 06:00:00,2119.99,2129.5,2117.76,2127.83,116.2688
2026-05-24 07:00:00,2128.13,2128.74,2119.71,2120.87,155.2664
2026-05-24 08:00:00,2120.88,2123.23,2119.26,2120.33,144.4383
2026-05-24 09:00:00,2120.33,2124.11,2119.05,2123.31,160.8308
2026-05-24 10:00:00,2123.42,2129.28,2119.39,2122.06,274.1683
2026-05-24 11:00:00,2122.35,2127.25,2122.23,2125.18,358.3473
2026-05-24 12:00:00,2126.07,2126.52,2118.0,2119.97,149.9589
2026-05-24 13:00:00,2119.97,2120.87,2106.47,2109.82,351.8715
2026-05-24 14:00:00,2110.14,2112.07,2083.03,2097.73,666.6686
2026-05-24 15:00:00,2097.99,2099.93,2094.23,2095.74,298.9168
2026-05-24 16:00:00,2095.84,2108.22,2095.61,2103.74,272.8154
2026-05-24 17:00:00,2103.62,2106.08,2101.52,2102.89,326.0027
2026-05-24 18:00:00,2102.89,2104.77,2097.84,2099.66,194.716
2026-05-24 19:00:00,2099.66,2101.67,2087.0,2100.61,449.5913
2026-05-24 20:00:00,2100.61,2102.11,2091.88,2093.14,255.3139
2026-05-24 21:00:00,2093.14,2110.9,2063.72,2071.56,481.2887
2026-05-24 22:00:00,2070.59,2099.41,2070.59,2091.85,448.3434
2026-05-24 23:00:00,2092.38,2106.01,2091.83,2099.61,426.0259
2026-05-25 00:00:00,2099.61,2108.87,2099.61,2104.95,563.4744
2026-05-25 01:00:00,2104.96,2107.39,2093.44,2093.45,295.6493
2026-05-25 02:00:00,2093.45,2113.35,2072.27,2097.6,543.602
2026-05-25 03:00:00,2098.35,2099.75,2093.34,2095.6,292.4414
2026-05-25 04:00:00,2095.59,2108.14,2092.5,2105.97,391.0821
2026-05-25 05:00:00,2105.83,2111.55,2104.55,2108.14,398.2158
2026-05-25 06:00:00,2108.22,2109.67,2099.27,2108.99,479.4048
2026-05-25 07:00:00,2109.0,2116.4,2106.78,2115.9,385.3831
2026-05-25 08:00:00,2116.28,2117.76,2111.7,2116.89,262.136
2026-05-25 09:00:00,2116.83,2123.3,2116.18,2117.1,358.5794
2026-05-25 10:00:00,2117.03,2121.04,2114.87,2116.68,214.7575
2026-05-25 11:00:00,2117.02,2120.29,2114.51,2114.95,212.1387
2026-05-25 12:00:00,2114.95,2119.4,2112.26,2117.4,175.4902
2026-05-25 13:00:00,2117.34,2119.99,2114.28,2116.35,168.3647
2026-05-25 14:00:00,2116.28,2129.89,2115.78,2128.75,392.1025
2026-05-25 15:00:00,2128.35,2136.73,2122.9,2127.12,380.7773
2026-05-25 16:00:00,2127.52,2140.73,2125.14,2136.55,341.4758
2026-05-25 17:00:00,2136.55,2140.09,2128.23,2129.01,346.3617
2026-05-25 18:00:00,2128.55,2140.81,2119.2,2126.88,334.9016
2026-05-25 19:00:00,2126.86,2126.86,2116.92,2121.75,395.0632
2026-05-25 20:00:00,2121.67,2122.82,2107.68,2108.64,374.6579
2026-05-25 21:00:00,2108.63,2112.84,2108.63,2111.2,273.6623
2026-05-25 22:00:00,2110.9,2115.53,2102.65,2104.5,413.0175
2026-05-25 23:00:00,2104.12,2113.39,2103.0,2113.34,444.6527
2026-05-26 00:00:00,2113.51,2113.74,2086.29,2097.74,628.4363
2026-05-26 01:00:00,2097.75,2100.29,2088.26,2094.99,619.4091
2026-05-26 02:00:00,2094.99,2095.48,2085.3,2088.03,661.9728
2026-05-26 03:00:00,2088.42,2093.65,2084.9,2093.11,462.4502
2026-05-26 04:00:00,2093.12,2096.44,2088.83,2093.68,463.9866
2026-05-26 05:00:00,2093.68,2103.32,2092.06,2100.77,371.2198
2026-05-26 06:00:00,2100.45,2103.35,2095.37,2101.72,417.7568
2026-05-26 07:00:00,2102.57,2102.63,2091.45,2095.75,380.9922
2026-05-26 08:00:00,2095.42,2100.14,2095.13,2097.34,318.2855
2026-05-26 09:00:00,2097.26,2099.62,2094.1,2096.87,429.288
2026-05-26 10:00:00,2095.85,2137.0,2094.75,2127.01,665.0564
2026-05-26 11:00:00,2127.23,2130.61,2118.61,2121.29,506.5959
2026-05-26 12:00:00,2121.3,2126.63,2111.63,2125.92,405.3325
2026-05-26 13:00:00,2125.92,2131.5,2111.14,2125.06,550.8442
2026-05-26 14:00:00,2124.82,2149.81,2108.25,2109.48,654.91
2026-05-26 15:00:00,2109.47,2111.73,2078.79,2087.87,843.6267
2026-05-26 16:00:00,2087.87,2089.97,2075.09,2079.33,583.1706
2026-05-26 17:00:00,2079.38,2083.51,2055.22,2071.17,570.6917
2026-05-26 18:00:00,2070.88,2080.45,2066.92,2068.15,348.8801
2026-05-26 19:00:00,2068.83,2076.84,2065.72,2074.59,280.35
2026-05-26 20:00:00,2074.21,2078.48,2074.18,2078.35,176.4329
2026-05-26 21:00:00,2078.35,2078.52,2069.46,2072.72,245.8603
2026-05-26 22:00:00,2073.19,2076.52,2066.0,2068.8,203.6177
2026-05-26 23:00:00,2068.79,2076.81,2068.79,2073.77,197.396
2026-05-27 00:00:00,2073.77,2084.23,2073.76,2083.58,293.4602
2026-05-27 01:00:00,2083.58,2083.74,2071.87,2074.53,182.4599
2026-05-27 02:00:00,2074.3,2075.33,2069.23,2074.96,242.2428
2026-05-27 03:00:00,2074.96,2080.0,2069.86,2070.22,323.2566
2026-05-27 04:00:00,2070.22,2073.07,2057.74,2072.51,439.7767
2026-05-27 05:00:00,2073.1,2078.1,2071.96,2077.89,229.9061
2026-05-27 06:00:00,2077.9,2081.35,2075.09,2079.62,188.4512
2026-05-27 07:00:00,2079.69,2084.16,2076.09,2083.91,272.5596
2026-05-27 08:00:00,2083.91,2096.4,2083.59,2085.19,494.6477
2026-05-27 09:00:00,2085.19,2087.54,2078.75,2083.8,272.1534
2026-05-27 10:00:00,2083.77,2132.09,2079.47,2080.29,452.4021
2026-05-27 11:00:00,2080.29,2085.29,2079.03,2079.84,183.8812
2026-05-27 12:00:00,2080.66,2096.67,2075.25,2078.75,404.7562
2026-05-27 13:00:00,2078.75,2080.63,2052.01,2063.88,602.7786
2026-05-27 14:00:00,2064.45,2071.45,2049.4,2062.83,580.6319
2026-05-27 15:00:00,2062.46,2078.09,2062.11,2071.38,550.6965
2026-05-27 16:00:00,2071.38,2081.54,2060.51,2070.14,505.7876
2026-05-27 17:00:00,2070.15,2070.15,2044.83,2052.57,566.7298
2026-05-27 18:00:00,2052.28,2056.91,2043.59,2056.72,520.3382
2026-05-27 19:00:00,2056.71,2060.97,2054.71,2057.8,422.1546
2026-05-27 20:00:00,2057.46,2065.84,2057.45,2063.29,398.0409
2026-05-27 21:00:00,2063.29,2063.3,2018.14,2020.35,632.0102
2026-05-27 22:00:00,2020.36,2033.78,2017.49,2025.05,476.6759
2026-05-27 23:00:00,2024.22,2030.19,2018.59,2025.27,600.0723
2026-05-28 00:00:00,2025.28,2029.02,2020.93,2028.5,510.7572
2026-05-28 01:00:00,2028.5,2029.13,2013.98,2020.17,510.447
2026-05-28 02:00:00,2021.38,2021.99,2016.17,2017.46,445.3709
2026-05-28 03:00:00,2017.61,2020.55,1978.68,1982.33,735.5732
2026-05-28 04:00:00,1982.33,1986.0,1971.34,1982.33,473.5804
2026-05-28 05:00:00,1982.33,1983.55,1975.67,1978.36,393.0108
2026-05-28 06:00:00,1978.26,1984.3,1972.96,1984.3,299.0401
2026-05-28 07:00:00,1984.3,1996.0,1982.48,1995.55,494.3498
2026-05-28 08:00:00,1995.56,1995.92,1985.42,1988.18,383.884
2026-05-28 09:00:00,1988.19,1995.47,1984.86,1994.04,415.2265
2026-05-28 10:00:00,1994.04,1998.29,1989.78,1990.87,341.3317
2026-05-28 11:00:00,1990.88,1992.73,1986.86,1989.9,211.8405
2026-05-28 12:00:00,1989.9,1993.96,1982.11,1991.89,493.7257
2026-05-28 13:00:00,1991.88,1995.0,1975.61,1981.45,593.8007
2026-05-28 14:00:00,1981.46,2001.18,1969.35,1994.0,578.2628
2026-05-28 15:00:00,1994.0,1997.91,1984.21,1990.09,532.0926
2026-05-28 16:00:00,1990.1,2014.86,1968.0,2013.05,712.5361
2026-05-28 17:00:00,2013.05,2024.59,2009.36,2019.68,407.8937
2026-05-28 18:00:00,2019.68,2028.3,2018.27,2025.06,377.7008
2026-05-28 19:00:00,2025.07,2025.07,2014.53,2014.53,413.0313
2026-05-28 20:00:00,2014.14,2019.93,2007.45,2014.11,228.6806
2026-05-28 21:00:00,2014.12,2024.29,2013.42,2020.18,98.7035
2026-05-28 22:00:00,2020.18,2022.6,2005.49,2005.49,93.0783
2026-05-28 23:00:00,2005.5,2011.59,2005.5,2010.0,85.8664
2026-05-29 00:00:00,2010.01,2017.12,1981.19,2011.76,350.1255
2026-05-29 01:00:00,2011.77,2016.47,2006.04,2008.63,374.4981
2026-05-29 02:00:00,2008.63,2010.62,1997.85,1998.98,427.9663
2026-05-29 03:00:00,1998.97,2007.75,1998.97,2002.78,209.0441
2026-05-29 04:00:00,2002.79,2008.51,1998.83,2008.5,203.5982
2026-05-29 05:00:00,2008.51,2015.14,2008.27,2014.57,365.2801
2026-05-29 06:00:00,2014.57,2020.49,2012.17,2018.09,285.0273
2026-05-29 07:00:00,2018.09,2019.66,2003.69,2007.21,230.9643
2026-05-29 08:00:00,2007.21,2013.64,2005.44,2006.02,392.8673
2026-05-29 09:00:00,2006.03,2015.82,2006.03,2014.96,371.526
2026-05-29 10:00:00,2014.97,2014.97,2009.78,2011.34,195.2714
2026-05-29 11:00:00,2011.34,2014.29,2002.91,2007.58,304.5128
2026-05-29 12:00:00,2007.33,2007.34,1995.62,1999.98,443.6187
2026-05-29 13:00:00,1999.98,2004.88,1988.72,1999.49,471.4019
2026-05-29 14:00:00,1999.48,2004.17,1979.1,2001.87,504.362
2026-05-29 15:00:00,2001.88,2045.64,1999.79,2031.79,892.6999
2026-05-29 16:00:00,2031.79,2042.91,2022.52,2040.64,643.2766
2026-05-29 17:00:00,2040.64,2043.82,2026.33,2028.38,481.4773
2026-05-29 18:00:00,2028.39,2031.6,2008.05,2011.4,492.3913
2026-05-29 19:00:00,2011.41,2022.2,2005.19,2017.45,403.4412
2026-05-29 20:00:00,2017.32,2023.55,2015.56,2018.05,252.6099
2026-05-29 21:00:00,2018.17,2023.62,2008.56,2009.38,561.7606
2026-05-29 22:00:00,2009.38,2017.03,2007.97,2013.83,354.5324
2026-05-29 23:00:00,2013.83,2015.03,2007.0,2014.55,499.4346
2026-05-30 00:00:00,2014.55,2016.09,2010.87,2016.08,225.4784
2026-05-30 01:00:00,2016.08,2021.42,2013.68,2019.46,178.8622
2026-05-30 02:00:00,2019.46,2021.16,2017.13,2021.16,147.2511
2026-05-30 03:00:00,2021.17,2023.55,2015.03,2016.83,191.1989
2026-05-30 04:00:00,2016.83,2030.95,2002.34,2010.8,327.7805
2026-05-30 05:00:00,2010.8,2017.48,2008.02,2015.85,192.3861
2026-05-30 06:00:00,2015.95,2020.46,2012.87,2017.4,296.3459
2026-05-30 07:00:00,2017.41,2017.79,2013.62,2016.31,173.5971
2026-05-30 08:00:00,2016.32,2016.32,2013.92,2014.16,76.2043
2026-05-30 09:00:00,2014.16,2017.27,2013.92,2016.78,138.7697
2026-05-30 10:00:00,2016.78,2021.94,2016.34,2017.54,383.335
2026-05-30 11:00:00,2017.63,2019.05,2015.19,2017.41,151.5917
2026-05-30 12:00:00,2017.41,2020.14,2017.14,2019.85,154.3418
2026-05-30 13:00:00,2019.86,2022.37,2017.44,2020.72,160.2943
2026-05-30 14:00:00,2020.73,2030.95,2002.13,2026.6,551.495
2026-05-30 15:00:00,2026.59,2031.78,2024.2,2026.35,345.3888
2026-05-30 16:00:00,2026.35,2028.33,2024.55,2027.1,139.5913
2026-05-30 17:00:00,2027.09,2029.0,2020.38,2027.17,190.0205
2026-05-30 18:00:00,2027.18,2030.0,2024.69,2027.58,144.4517
2026-05-30 19:00:00,2027.59,2029.12,2024.54,2028.33,119.5293
2026-05-30 20:00:00,2028.64,2029.67,2025.7,2026.82,133.9457
2026-05-30 21:00:00,2026.88,2031.41,2026.87,2028.06,140.1182
2026-05-30 22:00:00,2028.0,2028.0,2020.94,2023.57,153.1452
2026-05-30 23:00:00,2023.57,2026.1,2020.35,2022.2,137.1681
2026-05-31 00:00:00,2022.19,2027.68,2020.85,2027.12,145.2212
2026-05-31 01:00:00,2027.12,2034.2,2026.85,2029.11,316.589
2026-05-31 02:00:00,2029.11,2036.98,2027.95,2034.22,215.9126
2026-05-31 03:00:00,2034.23,2036.88,2032.25,2033.61,167.5496
2026-05-31 04:00:00,2033.47,2034.99,2031.36,2034.12,71.737
2026-05-31 05:00:00,2034.13,2034.13,2029.29,2030.17,134.8099
2026-05-31 06:00:00,2030.18,2030.92,2028.52,2030.16,91.654
2026-05-31 07:00:00,2030.01,2030.01,2023.01,2024.02,187.4521
2026-05-31 08:00:00,2024.02,2028.88,2023.07,2028.0,129.2047
2026-05-31 09:00:00,2027.64,2028.33,2019.5,2021.02,171.6535
2026-05-31 10:00:00,2021.03,2021.38,2015.87,2021.06,228.7635
2026-05-31 11:00:00,2021.05,2024.12,2021.05,2023.52,193.4987
2026-05-31 12:00:00,2023.28,2025.16,2019.82,2022.34,182.9318
2026-05-31 13:00:00,2022.35,2026.3,2020.44,2020.51,402.5856
2026-05-31 14:00:00,2020.51,2021.41,2006.15,2008.05,474.3556
2026-05-31 15:00:00,2008.06,2015.21,2008.04,2010.51,295.7694
2026-05-31 16:00:00,2010.52,2012.2,1999.21,2002.1,333.6702
2026-05-31 17:00:00,2002.1,2007.6,1997.98,2006.05,378.3675
2026-05-31 18:00:00,2005.68,2005.68,1999.08,2000.7,435.4901
2026-05-31 19:00:00,2000.69,2002.39,1994.29,1999.71,297.2795
2026-05-31 20:00:00,1999.59,2007.74,1999.59,2006.81,245.2142
2026-05-31 21:00:00,2007.1,2013.53,2005.01,2012.02,282.1251
2026-05-31 22:00:00,2012.19,2014.41,2005.6,2012.48,273.4649
2026-05-31 23:00:00,2012.48,2022.02,2000.26,2006.52,399.0988
2026-06-01 00:00:00,2007.02,2020.92,2006.38,2015.45,395.3334
2026-06-01 01:00:00,2015.45,2015.97,1994.26,1994.27,510.6296
2026-06-01 02:00:00,1994.27,2017.71,1993.79,2011.42,424.4414
2026-06-01 03:00:00,2011.42,2017.71,2008.83,2009.78,355.2471
2026-06-01 04:00:00,2009.78,2011.96,1678.53,2000.19,1400.4456
2026-06-01 05:00:00,1999.4,2001.27,1991.99,1994.49,226.6778
2026-06-01 06:00:00,1994.75,1994.84,1980.39,1988.07,345.0505
2026-06-01 07:00:00,1988.08,1990.62,1973.65,1976.52,422.5287
2026-06-01 08:00:00,1976.85,1985.0,1972.1,1984.0,389.5904
2026-06-01 09:00:00,1984.01,1990.0,1983.94,1987.42,226.6843
2026-06-01 10:00:00,1987.42,1988.92,1981.36,1983.92,228.2794
2026-06-01 11:00:00,1984.07,1986.73,1980.14,1980.14,256.5671
2026-06-01 12:00:00,1980.14,1994.2,1970.85,1989.29,495.1907
2026-06-01 13:00:00,1989.29,1995.87,1959.94,1970.32,569.659
2026-06-01 14:00:00,1970.32,1977.32,1965.21,1967.06,408.4615
2026-06-01 15:00:00,1968.84,1980.11,1960.49,1968.68,466.9686
2026-06-01 16:00:00,1968.68,1978.33,1959.5,1978.33,364.7656
2026-06-01 17:00:00,1978.38,1996.11,1978.31,1991.09,156.3747
2026-06-01 18:00:00,1991.27,1995.79,1983.55,1993.47,164.9667
2026-06-01 19:00:00,1993.47,2008.83,1992.23,2004.4,294.6033
2026-06-01 20:00:00,2004.93,2008.69,2001.29,2005.05,152.6821
2026-06-01 21:00:00,2005.9,2009.0,1992.94,1994.58,359.9141
2026-06-01 22:00:00,1994.33,2005.9,1984.84,2005.18,134.1365
2026-06-01 23:00:00,2004.45,2007.88,1998.41,2006.78,388.9599
2026-06-02 00:00:00,2006.77,2006.78,1996.01,1996.44,417.7649
2026-06-02 01:00:00,1996.43,1999.0,1981.42,1981.71,411.7366
2026-06-02 02:00:00,1981.71,1995.38,1964.83,1995.38,527.9058
2026-06-02 03:00:00,1995.39,2005.0,1995.22,2003.94,479.1153
2026-06-02 04:00:00,2003.94,2006.59,1995.96,1996.97,328.7102
2026-06-02 05:00:00,1996.86,2000.55,1985.29,1985.5,529.4052
2026-06-02 06:00:00,1985.0,1988.65,1979.25,1981.3,448.9275
2026-06-02 06:00:00,1985.0,1988.65,1979.25,1981.95,454.0604
2026-06-02 06:00:00,1985.0,1988.65,1979.25,1984.91,463.3087
2026-06-02 06:00:00,1985.0,1988.65,1979.25,1985.7,467.3303
2026-06-02 06:00:00,1985.0,1988.65,1979.25,1987.4,472.5868
2026-06-02 06:00:00,1985.0,1988.65,1979.25,1985.95,474.328
2026-06-02 06:00:00,1985.0,1988.65,1979.25,1982.2,483.0098
